{
  "CLAUDE.md": 1776088303.546774,
  "README.md": 1775911968.0,
  "graphify-out/GRAPH_REPORT.md": 1776612918.30487,
  "graphify-out/wiki/index.md": 1776091452.914123,
  "graphify-out/wiki/NBFI-\ub808\ubc84\ub9ac\uc9c0\uc640-\uce90\ub9ac\ud2b8\ub808\uc774\ub4dc.md": 1776091452.9306462,
  "graphify-out/wiki/\uad6d\uac00\uc790\ubcf8\uc8fc\uc758\uc640-\uae08\uc735\uc5b5\uc555.md": 1776091452.9236162,
  "graphify-out/wiki/\uc0ac\ubaa8\ub300\ucd9c-\ub9ac\ud14c\uc77c\ud654.md": 1776091452.9595942,
  "graphify-out/wiki/\uc0ac\ubaa8\ub300\ucd9c-\uc2dc\uc7a5-\ub9ac\uc2a4\ud06c.md": 1776091452.9383092,
  "graphify-out/wiki/\uc678\ud658-\uc2a4\uc651\uacfc-\ud5e4\uc9d5.md": 1776091452.9503317,
  "graphify-out/wiki/\uc911\uad6d-\uc790\ubcf8\uacc4\uc815.md": 1776091452.988292,
  "graphify-out/wiki/\uc9c0\uc815\ud559\uacfc-\ub2ec\ub7ec-\uc548\uc804\uc790\uc0b0.md": 1776091452.9808242,
  "graphify-out/wiki/\ud5e4\uc9c0\ud380\ub4dc-\uc804\ub7b5\uacfc-\uc704\ud5d8.md": 1776091452.970307,
  "raw/2026-04-12_report_state-capitalism-financial-repression-napier.md": 1775976513.9765732,
  "raw/FX Swaps.md": 1775824477.9646769,
  "raw/private-credit-rate-risk-bloomberg.md": 1774505190.342,
  "raw/\ube44\uc740\ud589 \uae08\uc735\uc911\uac1c\uc758 \ucde8\uc57d\uc131\uacfc \uc2dc\uc2a4\ud15c \ub9ac\uc2a4\ud06c \uad00\ub9ac \ubc29\uc548.md": 1775986145.092006,
  "raw/\ud5e4\uc9c0\ud380\ub4dc \uc0b0\uc5c5 \ubd84\uc11d \ubc0f \uc2dc\uc7a5 \uc5ed\ud559 \ube0c\ub9ac\ud551 \ubcf4\uace0\uc11c.md": 1775986264.2256644,
  "wiki/analytics.md": 1775919121.9481354,
  "wiki/dashboard.md": 1775911968.0,
  "wiki/flashcards.md": 1775911968.0,
  "wiki/index.md": 1776611188.4347985,
  "wiki/log.md": 1776611188.4357977,
  "wiki/concepts/business-development-company.md": 1775935658.4269476,
  "wiki/concepts/capital-nationalism.md": 1775976676.643046,
  "wiki/concepts/carry-trade-unwind.md": 1776611188.4337876,
  "wiki/concepts/cross-currency-basis.md": 1775918332.075308,
  "wiki/concepts/crowded-trade.md": 1775995807.1773436,
  "wiki/concepts/dollar-cycle.md": 1775920380.7722676,
  "wiki/concepts/em-ex-china.md": 1775920336.016186,
  "wiki/concepts/ex-post-hedging.md": 1775915164.1673312,
  "wiki/concepts/financial-repression.md": 1775976600.880473,
  "wiki/concepts/fx-hedging.md": 1775915121.9719458,
  "wiki/concepts/hedge-fund.md": 1775995748.9217722,
  "wiki/concepts/hedge-ratio.md": 1775919683.5533628,
  "wiki/concepts/liquidity-mismatch.md": 1775995274.1917064,
  "wiki/concepts/macro-market-divergence.md": 1775995838.1992776,
  "wiki/concepts/monetary-policy-transmission.md": 1775995182.9976397,
  "wiki/concepts/nbfi.md": 1775995591.2997563,
  "wiki/concepts/pik-payment-in-kind.md": 1775935561.5411549,
  "wiki/concepts/private-credit-etf.md": 1775918822.1483743,
  "wiki/concepts/private-credit.md": 1775935623.2244005,
  "wiki/concepts/procyclical-leverage.md": 1775995828.9170358,
  "wiki/concepts/qdii.md": 1775920265.4732187,
  "wiki/concepts/quant-meltdown.md": 1775995778.3208508,
  "wiki/concepts/rollover-risk.md": 1775915333.215848,
  "wiki/concepts/shadow-default.md": 1775935527.033926,
  "wiki/concepts/southbound-trading.md": 1775920302.4612226,
  "wiki/concepts/state-capitalism.md": 1775976637.74457,
  "wiki/concepts/yen-carry-trade.md": 1776611188.4337876,
  "wiki/entities/bis.md": 1775918722.702002,
  "wiki/entities/boj.md": 1776611188.4347985,
  "wiki/entities/china.md": 1775920233.8387403,
  "wiki/entities/ecb.md": 1775995221.682183,
  "wiki/entities/gpif.md": 1775919894.0677228,
  "wiki/entities/imf.md": 1775995200.5138469,
  "wiki/entities/japanese-life-insurers.md": 1775915398.1692502,
  "wiki/entities/kcif.md": 1775920354.9149792,
  "wiki/entities/russell-napier.md": 1775976722.0063121,
  "wiki/entities/taiwanese-life-insurers.md": 1775915425.9725742,
  "wiki/journal/template.md": 1775911968.0,
  "wiki/summaries/bisbull105.md": 1775915079.9111264,
  "wiki/summaries/bisbull106.md": 1775918495.741424,
  "wiki/summaries/hedge-fund-industry-analysis.md": 1775995713.872918,
  "wiki/summaries/kcif-china-capital-outflow-260325.md": 1775920197.471195,
  "wiki/summaries/kcif-gpif-portfolio-260326.md": 1775920131.568219,
  "wiki/summaries/kcif-private-credit-market-overview-260203.md": 1775935491.0095477,
  "wiki/summaries/kyobo-yen-carry-unwind-240417.md": 1776611662.1406832,
  "wiki/summaries/nbfi-systemic-risk.md": 1775995091.2076085,
  "wiki/summaries/state-capitalism-financial-repression-napier.md": 1775976558.762676,
  "wiki/syntheses/asia-dollar-exposure-strategies.md": 1775922015.6995018,
  "raw/(2006-009) \uc81c06-09.pdf": 1776611188.091208,
  "raw/0903_Japanese Retail Investors and the Carry Trade_RBA.pdf": 1776611188.0922012,
  "raw/090603_Yen Carry Trade and the Subprime Crisis_IMF.pdf": 1776611188.0961115,
  "raw/090603_Yen Carry Trade and the Subprime Crisis_IMF_\ubc88\uc5ed.pdf": 1776611188.1027324,
  "raw/100715_Measuring Carry Trade Activity_BIS_FRB.pdf": 1776611188.1058035,
  "raw/190425_\uc77c\ubcf8\uc758 \ud574\uc678\ud22c\uc790 \ub3d9\ud5a5 \ubc0f \uc704\ud5d8\uc694\uc778 \uc810\uac80.pdf": 1776611188.1114745,
  "raw/200707_What Can the Data Tell Us about Carry Trades in Japanese Yen_FRB.pdf": 1776611188.1148205,
  "raw/200902-\ucf54\ub85c\ub09819+\uc774\ud6c4+\uae00\ub85c\ubc8c+\uce90\ub9ac\ud2b8\ub808\uc774\ub4dc.pdf": 1776611188.1175132,
  "raw/2024-08-09-Societe Generale-The Systematic Investor Report - Recent market turmoil _ Wha...-109778177.pdf": 1776611188.1175132,
  "raw/20240417_B_20210092_852.pdf": 1776611188.2289064,
  "raw/2026-02-03_report_private-credit-market-overview.pdf": 1774453165.6983047,
  "raw/2026-02-20_report_stablecoin-rewards-us-bank-impact.pdf": 1774453146.7896135,
  "raw/2026-02-26_report_blue-owl-redemption-halt.pdf": 1774453139.8533442,
  "raw/2026-03-13_report_private-credit-redemption-surge.pdf": 1774453125.2984219,
  "raw/2026-03-19_report_private-credit-risk-global-crisis.pdf": 1774453062.4412508,
  "raw/2026-03-25_report_major-country-bond-yield-rise.pdf": 1774453104.07743,